"ID","Comment","Time","Author","Channel","Votes","Photo","Heart","Reply","Time_parsed"
"{cid: Ugy8Xqjmtnre_3s4SJx4AaABAg  "," Also warst du mal ein M√§dchen??? üòä  "," 1 month ago  "," @tonybananabandana9020  "," UC6vAJoSKMzW81Gs2UtEkjIg  "," 0  "," https://yt3.ggpht.com/ytc/AIdro_me4PaI2A9CdH7OlJLdo5zCbwXDFFW7Xai2Jy3uEgM=s176-c-k-c0x00ffffff-no-rj  "," false  "," false  "," 1709481565.375768}"
"{cid: Ugw5cHZwRJKkglIpZfF4AaABAg  "," Just found your channel today and I love it! Watched this video using the auto translated captions into English üòÖ. This was really helpful, you two are the closest to my internal experience of gender that I've seen here on YouTube, but it's so difficult because I feel like I'm mostly feminine leaning, but I relate heavily to how you lean into your masculinity too. Gender is wild haha. I mostly talk to queer folks online but not much in person. I think finding people to talk to will give me a lot of clarity.  "," 2 months ago (edited)  "," @bees4839  "," UCxP0eGruSempWX1STwEQkJQ  "," 0  "," https://yt3.ggpht.com/-Vpbfq2Hbv-Gx1dbU3bc5mhVyNQyuX-MNazAS46KF9SnGmBeZNey9tifCut7wJ6svO-vZ_05=s176-c-k-c0x00ffffff-no-rj  "," false  "," false  "," 1706975965.377987}"
"{cid: UgzNPDxXxZw5cPEwIQ54AaABAg  "," Tolles Video. Fand es sehr hilfreich zu h√∂ren, dass andere Leute auch komplett gl√ºcklich damit sind als Mann gelesen zu werden aber trotzdem nicht-bin√§r sind.  "," 2 months ago  "," @sturmklinge9642  "," UCzCA9VXUVMhpDvmlarEbpIA  "," 2  "," https://yt3.ggpht.com/ytc/AIdro_kAhmUqu9t0JbuBfpMZynM-TAi5dApzh8V3cA=s176-c-k-c0x00ffffff-no-rj  "," false  "," false  "," 1706975965.379963}"
"{cid: Ugx7f__Kymx9odqJbnd4AaABAg  "," Oh ich f√ºhl diese Themen so sehr. Bin transmasc-nichtbin√§r aber nutze das Label Genderqueer, weils einfach ein guter √úberbegriff ist. Und bin mehr oder weniger in the closet. Bin noch am Anfang, hab es jahrelang unterdr√ºckt und wollte das Thema auch nie auf machen, eben auch weil ich wusste dass es dann kein Zur√ºck mehr gibt und im Grunde nur noch mehr Probleme mit sich bringt als ich so schon habe. Aber je √§lter ich wurde um so trauriger und unzufriedener wurde ich mit meinem Aussehen und Identit√§t. Mittlerweile versuche ich so androgyn wie m√∂glich auszusehen und f√ºhl mich damit um einiges besser :) w√ºrd auch gern mehr machen aber da hab ich noch zu sehr Respekt vor, aber eher dass ich angst hab vor den Reaktionen vom Umfeld. Auf den Blick wie sich die Welt gerade wieder 5 Schritte r√ºckw√§rts entwickelt. W√§re das kein Problem und Transitions w√ºrden absolut Risikolos verlaufen, w√ºrd ich's sofort machen.\n\nAchja, von \nicht-bin√§r\ hab ich √ºbrigens das erste mal in meiner fr√ºhen Teenyzeit geh√∂rt... also Anfang 2000. Da lief mal eine Doku im TV √ºber LGBTq Menschen wobei eine Person sich als nichtbin√§r identifiziert hat. Fand ich damals schon mega faszinierend mit so nem kleinen \aha-Effekt\. Hab aber ewig nicht mehr den Begriff gewusst also konnte ich da nie weiter nachforschen. Aber ironischweise bin ich dennoch in relativ gender nonconforming Musikszenen seit meiner Teenzeit gro√ü geworden (gothic, visual kei, teilweise auch asian idols), da es mich immer wieder zu gnc und Androgynit√§t hinzieht, da es sich f√ºr mich einfach richtig und logisch anf√ºhlt die \Genderschubladen\ zu mischen oder ganz zu verlassen.  "," 2 months ago  "," @HangryKitsune  "," UCYxo4XKmIgcfwU-saRAE7bA  "," 0  "," https://yt3.ggpht.com/We5ju5QTgaU4X0_evOuP91c6eJDDk5REK5jsx96wjrEulA8-zokW5ioq3819GFVBxXfUvVu1=s176-c-k-c0x00ffffff-no-rj  "," false  "," false  "," 1706975965.381907}"
"{cid: UgwA5xDj8V4RMU-6ma54AaABAg  "," sehr suesses video!\nich hatte jahrelang ein identitaetsproblem, als \mann\ sozialisiert aber niemals damit konform gewesen zu sein. nicht binaer ist wohl das passende fuer mich. nauterlich aergert es mich als cis mann gelesen zu werden und damit die privilegien zu erhaschen, von etwas zu dem ich mich nicht zugehoerig fuehle. das ist eines meiner groessten probleme, auch wenn vielleicht seltsam klingt. ich hoffe dass ich den kommenden jahren ein wandel kommt, der sensibilitaet fuer nichtbinaere identitaeten, zumindest in kleinen subkulturellen raeumen, schafft. \nmacht weiter so, ihr seid wirklich super!üêô  "," 2 months ago  "," @Tommiiehh  "," UCAET6E6fySijYG7MiG5_Xqg  "," 0  "," https://yt3.ggpht.com/ytc/AIdro_mIXmdDbxMdHsDIub6H26WOUvEnQRGdJC_e3FsKaeI4pFg=s176-c-k-c0x00ffffff-no-rj  "," false  "," false  "," 1706975965.383892}"
"{cid: Ugzxbl1gAXMOzgC2d_N4AaABAg  "," Hey, ich w√ºrde das Thema gerne besser verstehen. Ihr sagt die ganze Zeit, dass ihr non-bin√§r seid und nicht transm√§nner, aber erl√§utert nie weshalb ihr das denkt. Ihr sagt ja dass ihr euch m√§nnlich pr√§sentiert, was ist also der Punkt, dass ihr non-bin√§r seid?  "," 2 months ago  "," @henrik2000able  "," UCR0hYQYw1LKlpyF_7wAYCLQ  "," 1  "," https://yt3.ggpht.com/ytc/AIdro_nTFZw7adDtNs7sPq1fTR6QSeQ9ckp40lc0PQ=s176-c-k-c0x00ffffff-no-rj  "," false  "," false  "," 1706975965.38582}"
"{cid: UgyWkWuvY4lrMN-H7JR4AaABAg  "," hab mich noch nie so gesehen gef√ºhlt wie in diesem video <3 DANKE MORLIN UND LUKA  "," 2 months ago  "," @juliatschudi4779  "," UC03LuItmdkRCAz52uvu7CHg  "," 1  "," https://yt3.ggpht.com/ytc/AIdro_nNqbytqhVJd77aT-SqZIjuSYwkg7_iVWt7cVW_Gvw=s176-c-k-c0x00ffffff-no-rj  "," false  "," false  "," 1706975965.387785}"
"{cid: UgwqxPtqb15Nrk6PXyh4AaABAg  "," Nur Liebe f√ºr die alten Leute hier <3  "," 2 months ago  "," @krepieri  "," UC4lZ7coisNPZMyZQcs15ASg  "," 0  "," https://yt3.ggpht.com/b7g-DL2YS_oVn-NkhMOAfSOuP_8RHKEwdUqpBpMngSEe1DNmv2S9de7namYW-a4sVWQy6nDol04=s176-c-k-c0x00ffffff-no-rj  "," false  "," false  "," 1706975965.389726}"
"{cid: UgwGIKwxHqm1YlMbdLZ4AaABAg  "," Not gonna lie, dass ist das Video, welches ich gebraucht habe. Danke üíü  "," 2 months ago  "," @jakobbrummer5052  "," UCdxoVCg_dy3alFUSPgxwrzg  "," 5  "," https://yt3.ggpht.com/ytc/AIdro_ktf2E-isiZbRZtZh-FvWG47J3YN6Xk1gtj7oiQHuA=s176-c-k-c0x00ffffff-no-rj  "," false  "," false  "," 1706975965.39167}"
"{cid: UgzG-_l5EsH0hFZ06Yx4AaABAg  "," Das Video ist super hilfreich!!! Finde es voll cool, dass du im Moment so aktiv bist. Man h√∂rt euch sehr gerne zu, vor allem bei so wichtigen Themen :D  "," 2 months ago  "," @daria-joelle  "," UCNzCYA0H3RvBF1hD6mOjKEA  "," 6  "," https://yt3.ggpht.com/vt3aC0Az-Ii0bjLF1_8d1uNs1xswcnwrvR1QrIK_3GHV5v6BKr5sMHEZcOeHFBN-HHdzOqeucJo=s176-c-k-c0x00ffffff-no-rj  "," false  "," false  "," 1706975965.393574}"
"{cid: UgxVGGFshcduF2wQhiF4AaABAg  "," das video ist sehr gut und sehr informativ\nps, meine deutsch ist nicht gut aber ich liebe deine kanal  "," 2 months ago  "," @tylerrslays  "," UC8Ufj_1sn-3tS_nHy04rUYw  "," 3  "," https://yt3.ggpht.com/aaMuUQmd-Vx7mvxm5uGNN_DjtOcQAbsB26FwmYi89hauH4Amdmrr1nPNycrV30cRxWmrAYCSFQ=s176-c-k-c0x00ffffff-no-rj  "," false  "," false  "," 1706975965.395525}"
"{cid: UgwpKTLw0q8Yt7g3tjF4AaABAg  "," ich fand es fr√ºher echt schwierig ein passendes Label f√ºr mich zu finden und irgendwie sind Labels auch nicht so wichtig, aber sie helfen einem auch seine eigene Identit√§t besser zu verstehen und auch besser f√ºr andere Leute zu verpacken. Komplexes Thema auf jeden Fall! Hattet ihr √§hnliche Erfahrungen? üíõ  "," 2 months ago  "," @LukaHauptmann  "," UCffjZutIuKRkiAxuic5TIkg  "," 9  "," https://yt3.ggpht.com/94ghWz76OViPTOTgJNrixtd0CuQakVCB_GZEEjYx8XQS_zAsam-qFXaD_75-XGdo-CRjAI1S=s176-c-k-c0x00ffffff-no-rj  "," false  "," false  "," 1706975965.397446}"
"{cid: Ugw5cHZwRJKkglIpZfF4AaABAg.9z_WVpRyB6G9zvsAi6yMma  "," hey that's awesome! hope the automatic captions make sense hahah  "," 2 months ago  "," @LukaHauptmann  "," UCffjZutIuKRkiAxuic5TIkg  "," 0  "," https://yt3.ggpht.com/94ghWz76OViPTOTgJNrixtd0CuQakVCB_GZEEjYx8XQS_zAsam-qFXaD_75-XGdo-CRjAI1S=s176-c-k-c0x00ffffff-no-rj  "," false  "," true  "," 1706975965.554721}"
"{cid: UgzNPDxXxZw5cPEwIQ54AaABAg.9zU4Qii4A_U9zUCe0PdjXy  "," danke! ja im Endeffekt sind Labels einfach nur Labels <3  "," 2 months ago  "," @LukaHauptmann  "," UCffjZutIuKRkiAxuic5TIkg  "," 0  "," https://yt3.ggpht.com/94ghWz76OViPTOTgJNrixtd0CuQakVCB_GZEEjYx8XQS_zAsam-qFXaD_75-XGdo-CRjAI1S=s176-c-k-c0x00ffffff-no-rj  "," false  "," true  "," 1706975965.718275}"
"{cid: Ugx7f__Kymx9odqJbnd4AaABAg.9zMHSa5SQTi9zPLAKXeBX7  "," total interessant! ich wusste gar nicht, dass nicht bin√§r sein in den 2000ern √ºberhaupt schon so ein Thema war!  "," 2 months ago  "," @LukaHauptmann  "," UCffjZutIuKRkiAxuic5TIkg  "," 0  "," https://yt3.ggpht.com/94ghWz76OViPTOTgJNrixtd0CuQakVCB_GZEEjYx8XQS_zAsam-qFXaD_75-XGdo-CRjAI1S=s176-c-k-c0x00ffffff-no-rj  "," false  "," true  "," 1706975965.877424}"
"{cid: UgwA5xDj8V4RMU-6ma54AaABAg.9zGQ1XG4oRa9zHFYoSipus  "," kann ich voll verstehen! hoffe ich auch :)  "," 2 months ago  "," @LukaHauptmann  "," UCffjZutIuKRkiAxuic5TIkg  "," 0  "," https://yt3.ggpht.com/94ghWz76OViPTOTgJNrixtd0CuQakVCB_GZEEjYx8XQS_zAsam-qFXaD_75-XGdo-CRjAI1S=s176-c-k-c0x00ffffff-no-rj  "," false  "," true  "," 1706975966.039767}"
"{cid: UgwA5xDj8V4RMU-6ma54AaABAg.9zGQ1XG4oRa9zqP1LI-SqG  "," Oder du bist einfach ein Mann, der nicht konform mit dem klassischen m√§nnlichen Geschlechterrollenstereotyp geht.  "," 2 months ago  "," @VonKrolok-mf3uc  "," UC6xmpdfz554ZCsqsxh_NyMQ  "," 0  "," https://yt3.ggpht.com/yqu0yzhUwbxyqNsgIMXhKLKcGYQX9AgeX2vT7VhBqqCsw89QDRsBhAgDrKhF-SsdY_QcLAv8zw=s176-c-k-c0x00ffffff-no-rj  "," false  "," true  "," 1706975966.041824}"
"{cid: Ugzxbl1gAXMOzgC2d_N4AaABAg.9zFf5r1b6g29zHHNc0bl-8  "," gute Frage! ich kann jetzt nat√ºrlich nur von mir sprechen. Ich finde Aussehen/wie man sich pr√§sentiert und Identit√§t/wie man sich f√ºhlt sind erstmal zwei verschiedene Sachen. Nat√ºrlich √ºberlappen sie meistens, aber auch nicht immer. Ich w√ºrde von mir sagen, dass ich mich auf jeden Fall eher als Mann f√ºhle als als Frau. Aber ich f√ºhle mich auch nicht 100% wie ein Mann. Ich glaub, das ist einfach so ein Gef√ºhl und wie schon im Video angesprochen, finde ich es auch nicht so wichtig diesen Part meiner Identit√§t zu labeln, da ich mich mehr oder weniger wohl f√ºhle als Mann zu leben bzw. als Mann gesehen zu werden. Das ist eher so eine Nuance meiner Identit√§t, die mir aufgefallen ist. \nDann kommt noch hinzu, dass ich viel √ºber \Gender\ im akademischen Kontext gelernt habe und dazu nochmal einen Zugang zu dem Thema habe und mir bewusst geworden ist wie sehr es eigentlich ein soziales Konstrukt ist. Das ist einerseits total interessant, anderseits macht es die ganzen Labels viel weniger greifbar f√ºr mich. Ich war mir z.B. sehr schnell klar, dass ich mich nicht als Frau f√ºhle, aber auch nie sicher wie man sich eigentlich als Mann f√ºhlt. Bin mir da immer noch nicht sicher. Ich wei√ü nur, dass ich mich wohl damit f√ºhle wie es jetzt ist. \nIch kann mir gut vorstellen, wenn ich einen anderen Background h√§tte, w√ºrde ich mich vielleicht einfach als (bin√§rer) trans Mann labeln, weil ich dann nicht die ganze Zeit dieses Gender Thema auf der meta Ebene tot denken w√ºrde. \nHoffe das hilft ein bisschen!  "," 2 months ago  "," @LukaHauptmann  "," UCffjZutIuKRkiAxuic5TIkg  "," 1  "," https://yt3.ggpht.com/94ghWz76OViPTOTgJNrixtd0CuQakVCB_GZEEjYx8XQS_zAsam-qFXaD_75-XGdo-CRjAI1S=s176-c-k-c0x00ffffff-no-rj  "," false  "," true  "," 1706975966.208789}"
"{cid: Ugzxbl1gAXMOzgC2d_N4AaABAg.9zFf5r1b6g29zHg0VKXXOw  "," ¬†@LukaHauptmann¬†  Ein wenig, danke f√ºr die ausf√ºhrliche Antwort :)  "," 2 months ago  "," @henrik2000able  "," UCR0hYQYw1LKlpyF_7wAYCLQ  "," 0  "," https://yt3.ggpht.com/ytc/AIdro_nTFZw7adDtNs7sPq1fTR6QSeQ9ckp40lc0PQ=s176-c-k-c0x00ffffff-no-rj  "," false  "," true  "," 1706975966.211582}"
"{cid: UgyWkWuvY4lrMN-H7JR4AaABAg.9zEWeZdGKe49zHHQNO7Qjm  "," gerne üíõ  "," 2 months ago  "," @LukaHauptmann  "," UCffjZutIuKRkiAxuic5TIkg  "," 0  "," https://yt3.ggpht.com/94ghWz76OViPTOTgJNrixtd0CuQakVCB_GZEEjYx8XQS_zAsam-qFXaD_75-XGdo-CRjAI1S=s176-c-k-c0x00ffffff-no-rj  "," false  "," true  "," 1706975966.374118}"
"{cid: UgwqxPtqb15Nrk6PXyh4AaABAg.9zBvHE8Huim9zBvlCCTCip  "," üíõüíõüíõ  "," 2 months ago  "," @LukaHauptmann  "," UCffjZutIuKRkiAxuic5TIkg  "," 0  "," https://yt3.ggpht.com/94ghWz76OViPTOTgJNrixtd0CuQakVCB_GZEEjYx8XQS_zAsam-qFXaD_75-XGdo-CRjAI1S=s176-c-k-c0x00ffffff-no-rj  "," false  "," true  "," 1706975966.539749}"
"{cid: UgwGIKwxHqm1YlMbdLZ4AaABAg.9zBUK0PwQ369zBg8tZmCZJ  "," danke dir auch <3  "," 2 months ago  "," @LukaHauptmann  "," UCffjZutIuKRkiAxuic5TIkg  "," 0  "," https://yt3.ggpht.com/94ghWz76OViPTOTgJNrixtd0CuQakVCB_GZEEjYx8XQS_zAsam-qFXaD_75-XGdo-CRjAI1S=s176-c-k-c0x00ffffff-no-rj  "," false  "," true  "," 1706975966.77759}"
"{cid: UgzG-_l5EsH0hFZ06Yx4AaABAg.9zAl0iHP0MW9zAvHCp9M_Z  "," Danke! Das freut mich :)  "," 2 months ago  "," @LukaHauptmann  "," UCffjZutIuKRkiAxuic5TIkg  "," 1  "," https://yt3.ggpht.com/94ghWz76OViPTOTgJNrixtd0CuQakVCB_GZEEjYx8XQS_zAsam-qFXaD_75-XGdo-CRjAI1S=s176-c-k-c0x00ffffff-no-rj  "," false  "," true  "," 1706975966.940404}"
"{cid: UgxVGGFshcduF2wQhiF4AaABAg.9z9tuzkxa-W9z9xe_rGO0D  "," danke <3  "," 2 months ago  "," @LukaHauptmann  "," UCffjZutIuKRkiAxuic5TIkg  "," 1  "," https://yt3.ggpht.com/94ghWz76OViPTOTgJNrixtd0CuQakVCB_GZEEjYx8XQS_zAsam-qFXaD_75-XGdo-CRjAI1S=s176-c-k-c0x00ffffff-no-rj  "," false  "," true  "," 1706975967.102992}"
